Year,Series,Sexua,Edukitza-mota,Lurralde historikoa,Units,Value
2009,"Emakumeen proportzioa nekazaritza-lurren jabeen edo eskubideen titularren artean, edukitze-motaren arabera banakatuta",,,,%,33.2
2009,Jabetza-eskubideak edo nekazaritza-lurren gaineko eskubide seguruak dituzten nekazarien guztizkoaren proportzioa,,,,%,54.5
2016,Jabetza-eskubideak edo nekazaritza-lurren gaineko eskubide seguruak dituzten nekazarien guztizkoaren proportzioa,,,,%,51.7
2020,"Emakumeen proportzioa nekazaritza-lurren jabeen edo eskubideen titularren artean, edukitze-motaren arabera banakatuta",,,,%,30.6
2023,Jabetza-eskubideak edo nekazaritza-lurren gaineko eskubide seguruak dituzten nekazarien guztizkoaren proportzioa,,,,%,43.2
2016,"Emakumeen proportzioa nekazaritza-lurren jabeen edo eskubideen titularren artean, edukitze-motaren arabera banakatuta",,,,%,38.2
2023,"Emakumeen proportzioa nekazaritza-lurren jabeen edo eskubideen titularren artean, edukitze-motaren arabera banakatuta",,,,%,32.9
2020,Jabetza-eskubideak edo nekazaritza-lurren gaineko eskubide seguruak dituzten nekazarien guztizkoaren proportzioa,,,,%,47.9
2013,Jabetza-eskubideak edo nekazaritza-lurren gaineko eskubide seguruak dituzten nekazarien guztizkoaren proportzioa,,,,%,57.5
2013,"Emakumeen proportzioa nekazaritza-lurren jabeen edo eskubideen titularren artean, edukitze-motaren arabera banakatuta",,,,%,37.4
2013,Jabetza-eskubideak edo nekazaritza-lurren gaineko eskubide seguruak dituzten nekazarien guztizkoaren proportzioa,,,Araba / Álava,%,49.2
2009,"Emakumeen proportzioa nekazaritza-lurren jabeen edo eskubideen titularren artean, edukitze-motaren arabera banakatuta",,,Araba / Álava,%,29.1
2023,"Emakumeen proportzioa nekazaritza-lurren jabeen edo eskubideen titularren artean, edukitze-motaren arabera banakatuta",,,Araba / Álava,%,21.6
2023,Jabetza-eskubideak edo nekazaritza-lurren gaineko eskubide seguruak dituzten nekazarien guztizkoaren proportzioa,,,Araba / Álava,%,46.3
2009,Jabetza-eskubideak edo nekazaritza-lurren gaineko eskubide seguruak dituzten nekazarien guztizkoaren proportzioa,,,Araba / Álava,%,51.2
2016,"Emakumeen proportzioa nekazaritza-lurren jabeen edo eskubideen titularren artean, edukitze-motaren arabera banakatuta",,,Araba / Álava,%,31.6
2013,"Emakumeen proportzioa nekazaritza-lurren jabeen edo eskubideen titularren artean, edukitze-motaren arabera banakatuta",,,Araba / Álava,%,29.2
2016,Jabetza-eskubideak edo nekazaritza-lurren gaineko eskubide seguruak dituzten nekazarien guztizkoaren proportzioa,,,Araba / Álava,%,42.8
2016,"Emakumeen proportzioa nekazaritza-lurren jabeen edo eskubideen titularren artean, edukitze-motaren arabera banakatuta",,,Bizkaia,%,41.4
2023,Jabetza-eskubideak edo nekazaritza-lurren gaineko eskubide seguruak dituzten nekazarien guztizkoaren proportzioa,,,Bizkaia,%,44.0
2023,"Emakumeen proportzioa nekazaritza-lurren jabeen edo eskubideen titularren artean, edukitze-motaren arabera banakatuta",,,Bizkaia,%,39.4
2016,Jabetza-eskubideak edo nekazaritza-lurren gaineko eskubide seguruak dituzten nekazarien guztizkoaren proportzioa,,,Bizkaia,%,54.5
2013,"Emakumeen proportzioa nekazaritza-lurren jabeen edo eskubideen titularren artean, edukitze-motaren arabera banakatuta",,,Bizkaia,%,40.9
2013,Jabetza-eskubideak edo nekazaritza-lurren gaineko eskubide seguruak dituzten nekazarien guztizkoaren proportzioa,,,Bizkaia,%,62.0
2009,"Emakumeen proportzioa nekazaritza-lurren jabeen edo eskubideen titularren artean, edukitze-motaren arabera banakatuta",,,Bizkaia,%,36.8
2009,Jabetza-eskubideak edo nekazaritza-lurren gaineko eskubide seguruak dituzten nekazarien guztizkoaren proportzioa,,,Bizkaia,%,58.3
2016,Jabetza-eskubideak edo nekazaritza-lurren gaineko eskubide seguruak dituzten nekazarien guztizkoaren proportzioa,,,Gipuzkoa,%,53.0
2013,"Emakumeen proportzioa nekazaritza-lurren jabeen edo eskubideen titularren artean, edukitze-motaren arabera banakatuta",,,Gipuzkoa,%,37.1
2013,Jabetza-eskubideak edo nekazaritza-lurren gaineko eskubide seguruak dituzten nekazarien guztizkoaren proportzioa,,,Gipuzkoa,%,57.1
2009,Jabetza-eskubideak edo nekazaritza-lurren gaineko eskubide seguruak dituzten nekazarien guztizkoaren proportzioa,,,Gipuzkoa,%,52.1
2023,"Emakumeen proportzioa nekazaritza-lurren jabeen edo eskubideen titularren artean, edukitze-motaren arabera banakatuta",,,Gipuzkoa,%,35.5
2023,Jabetza-eskubideak edo nekazaritza-lurren gaineko eskubide seguruak dituzten nekazarien guztizkoaren proportzioa,,,Gipuzkoa,%,40.8
2009,"Emakumeen proportzioa nekazaritza-lurren jabeen edo eskubideen titularren artean, edukitze-motaren arabera banakatuta",,,Gipuzkoa,%,31.1
2016,"Emakumeen proportzioa nekazaritza-lurren jabeen edo eskubideen titularren artean, edukitze-motaren arabera banakatuta",,,Gipuzkoa,%,37.0
2023,"Emakumeen proportzioa nekazaritza-lurren jabeen edo eskubideen titularren artean, edukitze-motaren arabera banakatuta",,Jabetzan,,%,35.6
2020,"Emakumeen proportzioa nekazaritza-lurren jabeen edo eskubideen titularren artean, edukitze-motaren arabera banakatuta",,Jabetzan,,%,32.9
2016,"Emakumeen proportzioa nekazaritza-lurren jabeen edo eskubideen titularren artean, edukitze-motaren arabera banakatuta",,Jabetzan,,%,40.4
2009,"Emakumeen proportzioa nekazaritza-lurren jabeen edo eskubideen titularren artean, edukitze-motaren arabera banakatuta",,Jabetzan,,%,35.1
2013,"Emakumeen proportzioa nekazaritza-lurren jabeen edo eskubideen titularren artean, edukitze-motaren arabera banakatuta",,Jabetzan,,%,39.1
2009,"Emakumeen proportzioa nekazaritza-lurren jabeen edo eskubideen titularren artean, edukitze-motaren arabera banakatuta",,Jabetzan,Araba / Álava,%,30.7
2023,"Emakumeen proportzioa nekazaritza-lurren jabeen edo eskubideen titularren artean, edukitze-motaren arabera banakatuta",,Jabetzan,Araba / Álava,%,24.2
2009,"Emakumeen proportzioa nekazaritza-lurren jabeen edo eskubideen titularren artean, edukitze-motaren arabera banakatuta",,Jabetzan,Bizkaia,%,39.0
2023,"Emakumeen proportzioa nekazaritza-lurren jabeen edo eskubideen titularren artean, edukitze-motaren arabera banakatuta",,Jabetzan,Bizkaia,%,41.8
2023,"Emakumeen proportzioa nekazaritza-lurren jabeen edo eskubideen titularren artean, edukitze-motaren arabera banakatuta",,Jabetzan,Gipuzkoa,%,38.0
2009,"Emakumeen proportzioa nekazaritza-lurren jabeen edo eskubideen titularren artean, edukitze-motaren arabera banakatuta",,Jabetzan,Gipuzkoa,%,32.5
2023,"Emakumeen proportzioa nekazaritza-lurren jabeen edo eskubideen titularren artean, edukitze-motaren arabera banakatuta",,Errentamenduan,,%,26.6
2009,"Emakumeen proportzioa nekazaritza-lurren jabeen edo eskubideen titularren artean, edukitze-motaren arabera banakatuta",,Errentamenduan,,%,26.4
2013,"Emakumeen proportzioa nekazaritza-lurren jabeen edo eskubideen titularren artean, edukitze-motaren arabera banakatuta",,Errentamenduan,,%,29.8
2016,"Emakumeen proportzioa nekazaritza-lurren jabeen edo eskubideen titularren artean, edukitze-motaren arabera banakatuta",,Errentamenduan,,%,31.0
2020,"Emakumeen proportzioa nekazaritza-lurren jabeen edo eskubideen titularren artean, edukitze-motaren arabera banakatuta",,Errentamenduan,,%,25.8
2009,"Emakumeen proportzioa nekazaritza-lurren jabeen edo eskubideen titularren artean, edukitze-motaren arabera banakatuta",,Errentamenduan,Araba / Álava,%,23.2
2023,"Emakumeen proportzioa nekazaritza-lurren jabeen edo eskubideen titularren artean, edukitze-motaren arabera banakatuta",,Errentamenduan,Araba / Álava,%,14.0
2023,"Emakumeen proportzioa nekazaritza-lurren jabeen edo eskubideen titularren artean, edukitze-motaren arabera banakatuta",,Errentamenduan,Bizkaia,%,40.0
2009,"Emakumeen proportzioa nekazaritza-lurren jabeen edo eskubideen titularren artean, edukitze-motaren arabera banakatuta",,Errentamenduan,Bizkaia,%,30.6
2009,"Emakumeen proportzioa nekazaritza-lurren jabeen edo eskubideen titularren artean, edukitze-motaren arabera banakatuta",,Errentamenduan,Gipuzkoa,%,23.1
2023,"Emakumeen proportzioa nekazaritza-lurren jabeen edo eskubideen titularren artean, edukitze-motaren arabera banakatuta",,Errentamenduan,Gipuzkoa,%,26.2
2013,Jabetza-eskubideak edo nekazaritza-lurren gaineko eskubide seguruak dituzten nekazarien guztizkoaren proportzioa,Emakumea,,,%,58.9
2009,Jabetza-eskubideak edo nekazaritza-lurren gaineko eskubide seguruak dituzten nekazarien guztizkoaren proportzioa,Emakumea,,,%,55.8
2023,Jabetza-eskubideak edo nekazaritza-lurren gaineko eskubide seguruak dituzten nekazarien guztizkoaren proportzioa,Emakumea,,,%,45.1
2016,Jabetza-eskubideak edo nekazaritza-lurren gaineko eskubide seguruak dituzten nekazarien guztizkoaren proportzioa,Emakumea,,,%,53.4
2020,Jabetza-eskubideak edo nekazaritza-lurren gaineko eskubide seguruak dituzten nekazarien guztizkoaren proportzioa,Emakumea,,,%,49.0
2023,Jabetza-eskubideak edo nekazaritza-lurren gaineko eskubide seguruak dituzten nekazarien guztizkoaren proportzioa,Emakumea,,Araba / Álava,%,48.8
2016,Jabetza-eskubideak edo nekazaritza-lurren gaineko eskubide seguruak dituzten nekazarien guztizkoaren proportzioa,Emakumea,,Araba / Álava,%,43.4
2009,Jabetza-eskubideak edo nekazaritza-lurren gaineko eskubide seguruak dituzten nekazarien guztizkoaren proportzioa,Emakumea,,Araba / Álava,%,56.7
2013,Jabetza-eskubideak edo nekazaritza-lurren gaineko eskubide seguruak dituzten nekazarien guztizkoaren proportzioa,Emakumea,,Araba / Álava,%,50.9
2013,Jabetza-eskubideak edo nekazaritza-lurren gaineko eskubide seguruak dituzten nekazarien guztizkoaren proportzioa,Emakumea,,Bizkaia,%,62.8
2009,Jabetza-eskubideak edo nekazaritza-lurren gaineko eskubide seguruak dituzten nekazarien guztizkoaren proportzioa,Emakumea,,Bizkaia,%,60.6
2016,Jabetza-eskubideak edo nekazaritza-lurren gaineko eskubide seguruak dituzten nekazarien guztizkoaren proportzioa,Emakumea,,Bizkaia,%,57.1
2023,Jabetza-eskubideak edo nekazaritza-lurren gaineko eskubide seguruak dituzten nekazarien guztizkoaren proportzioa,Emakumea,,Bizkaia,%,52.4
2013,Jabetza-eskubideak edo nekazaritza-lurren gaineko eskubide seguruak dituzten nekazarien guztizkoaren proportzioa,Emakumea,,Gipuzkoa,%,57.5
2016,Jabetza-eskubideak edo nekazaritza-lurren gaineko eskubide seguruak dituzten nekazarien guztizkoaren proportzioa,Emakumea,,Gipuzkoa,%,53.2
2023,Jabetza-eskubideak edo nekazaritza-lurren gaineko eskubide seguruak dituzten nekazarien guztizkoaren proportzioa,Emakumea,,Gipuzkoa,%,39.1
2009,Jabetza-eskubideak edo nekazaritza-lurren gaineko eskubide seguruak dituzten nekazarien guztizkoaren proportzioa,Emakumea,,Gipuzkoa,%,49.6
2013,Jabetza-eskubideak edo nekazaritza-lurren gaineko eskubide seguruak dituzten nekazarien guztizkoaren proportzioa,Gizona,,,%,56.7
2020,Jabetza-eskubideak edo nekazaritza-lurren gaineko eskubide seguruak dituzten nekazarien guztizkoaren proportzioa,Gizona,,,%,47.5
2009,Jabetza-eskubideak edo nekazaritza-lurren gaineko eskubide seguruak dituzten nekazarien guztizkoaren proportzioa,Gizona,,,%,53.9
2023,Jabetza-eskubideak edo nekazaritza-lurren gaineko eskubide seguruak dituzten nekazarien guztizkoaren proportzioa,Gizona,,,%,42.4
2016,Jabetza-eskubideak edo nekazaritza-lurren gaineko eskubide seguruak dituzten nekazarien guztizkoaren proportzioa,Gizona,,,%,50.7
2016,Jabetza-eskubideak edo nekazaritza-lurren gaineko eskubide seguruak dituzten nekazarien guztizkoaren proportzioa,Gizona,,Araba / Álava,%,42.6
2013,Jabetza-eskubideak edo nekazaritza-lurren gaineko eskubide seguruak dituzten nekazarien guztizkoaren proportzioa,Gizona,,Araba / Álava,%,48.5
2009,Jabetza-eskubideak edo nekazaritza-lurren gaineko eskubide seguruak dituzten nekazarien guztizkoaren proportzioa,Gizona,,Araba / Álava,%,49.2
2023,Jabetza-eskubideak edo nekazaritza-lurren gaineko eskubide seguruak dituzten nekazarien guztizkoaren proportzioa,Gizona,,Araba / Álava,%,45.6
2023,Jabetza-eskubideak edo nekazaritza-lurren gaineko eskubide seguruak dituzten nekazarien guztizkoaren proportzioa,Gizona,,Bizkaia,%,39.8
2013,Jabetza-eskubideak edo nekazaritza-lurren gaineko eskubide seguruak dituzten nekazarien guztizkoaren proportzioa,Gizona,,Bizkaia,%,61.4
2016,Jabetza-eskubideak edo nekazaritza-lurren gaineko eskubide seguruak dituzten nekazarien guztizkoaren proportzioa,Gizona,,Bizkaia,%,52.9
2009,Jabetza-eskubideak edo nekazaritza-lurren gaineko eskubide seguruak dituzten nekazarien guztizkoaren proportzioa,Gizona,,Bizkaia,%,57.1
2013,Jabetza-eskubideak edo nekazaritza-lurren gaineko eskubide seguruak dituzten nekazarien guztizkoaren proportzioa,Gizona,,Gipuzkoa,%,56.9
2016,Jabetza-eskubideak edo nekazaritza-lurren gaineko eskubide seguruak dituzten nekazarien guztizkoaren proportzioa,Gizona,,Gipuzkoa,%,52.8
2023,Jabetza-eskubideak edo nekazaritza-lurren gaineko eskubide seguruak dituzten nekazarien guztizkoaren proportzioa,Gizona,,Gipuzkoa,%,41.8
2009,Jabetza-eskubideak edo nekazaritza-lurren gaineko eskubide seguruak dituzten nekazarien guztizkoaren proportzioa,Gizona,,Gipuzkoa,%,53.4
