Year,Series,Lurralde historikoa,Units,Value
2015,"3,5G sare mugikorrez estalitako etxeen proportzioa",,%,99.89
2014,"3,5G sare mugikorrez estalitako etxeen proportzioa",,%,99.4
2012,"3,5G sare mugikorrez estalitako etxeen proportzioa",,%,96.6
2019,"3,5G sare mugikorrez estalitako etxeen proportzioa",,%,99.97
2020,"3,5G sare mugikorrez estalitako etxeen proportzioa",,%,99.99
2016,"3,5G sare mugikorrez estalitako etxeen proportzioa",,%,99.85
2017,"3,5G sare mugikorrez estalitako etxeen proportzioa",,%,99.96
2018,"3,5G sare mugikorrez estalitako etxeen proportzioa",,%,99.97
2013,"3,5G sare mugikorrez estalitako etxeen proportzioa",,%,99.5
2016,"3,5G sare mugikorrez estalitako etxeen proportzioa",Araba / Álava,%,99.83
2019,"3,5G sare mugikorrez estalitako etxeen proportzioa",Araba / Álava,%,99.93
2018,"3,5G sare mugikorrez estalitako etxeen proportzioa",Araba / Álava,%,99.93
2015,"3,5G sare mugikorrez estalitako etxeen proportzioa",Araba / Álava,%,99.81
2017,"3,5G sare mugikorrez estalitako etxeen proportzioa",Araba / Álava,%,99.94
2020,"3,5G sare mugikorrez estalitako etxeen proportzioa",Araba / Álava,%,100.0
2014,"3,5G sare mugikorrez estalitako etxeen proportzioa",Araba / Álava,%,98.7
2019,"3,5G sare mugikorrez estalitako etxeen proportzioa",Bizkaia,%,100.0
2020,"3,5G sare mugikorrez estalitako etxeen proportzioa",Bizkaia,%,99.99
2014,"3,5G sare mugikorrez estalitako etxeen proportzioa",Bizkaia,%,99.8
2016,"3,5G sare mugikorrez estalitako etxeen proportzioa",Bizkaia,%,99.94
2015,"3,5G sare mugikorrez estalitako etxeen proportzioa",Bizkaia,%,99.98
2017,"3,5G sare mugikorrez estalitako etxeen proportzioa",Bizkaia,%,100.0
2018,"3,5G sare mugikorrez estalitako etxeen proportzioa",Bizkaia,%,100.0
2015,"3,5G sare mugikorrez estalitako etxeen proportzioa",Gipuzkoa,%,99.79
2017,"3,5G sare mugikorrez estalitako etxeen proportzioa",Gipuzkoa,%,99.92
2018,"3,5G sare mugikorrez estalitako etxeen proportzioa",Gipuzkoa,%,99.95
2020,"3,5G sare mugikorrez estalitako etxeen proportzioa",Gipuzkoa,%,99.99
2019,"3,5G sare mugikorrez estalitako etxeen proportzioa",Gipuzkoa,%,99.95
2014,"3,5G sare mugikorrez estalitako etxeen proportzioa",Gipuzkoa,%,99.0
2016,"3,5G sare mugikorrez estalitako etxeen proportzioa",Gipuzkoa,%,99.78
2017,4G sare mugikorrez estalitako etxeen proportzioa,,%,99.01
2025,4G sare mugikorrez estalitako etxeen proportzioa,,%,99.96
2020,4G sare mugikorrez estalitako etxeen proportzioa,,%,99.98
2015,4G sare mugikorrez estalitako etxeen proportzioa,,%,79.64
2021,4G sare mugikorrez estalitako etxeen proportzioa,,%,99.99
2018,4G sare mugikorrez estalitako etxeen proportzioa,,%,99.89
2024,4G sare mugikorrez estalitako etxeen proportzioa,,%,99.96
2022,4G sare mugikorrez estalitako etxeen proportzioa,,%,99.97
2014,4G sare mugikorrez estalitako etxeen proportzioa,,%,55.1
2023,4G sare mugikorrez estalitako etxeen proportzioa,,%,99.96
2016,4G sare mugikorrez estalitako etxeen proportzioa,,%,93.46
2019,4G sare mugikorrez estalitako etxeen proportzioa,,%,99.95
2019,4G sare mugikorrez estalitako etxeen proportzioa,Araba / Álava,%,99.7
2018,4G sare mugikorrez estalitako etxeen proportzioa,Araba / Álava,%,99.7
2017,4G sare mugikorrez estalitako etxeen proportzioa,Araba / Álava,%,97.92
2022,4G sare mugikorrez estalitako etxeen proportzioa,Araba / Álava,%,99.97
2020,4G sare mugikorrez estalitako etxeen proportzioa,Araba / Álava,%,99.99
2025,4G sare mugikorrez estalitako etxeen proportzioa,Araba / Álava,%,99.95
2016,4G sare mugikorrez estalitako etxeen proportzioa,Araba / Álava,%,90.02
2023,4G sare mugikorrez estalitako etxeen proportzioa,Araba / Álava,%,99.92
2024,4G sare mugikorrez estalitako etxeen proportzioa,Araba / Álava,%,99.95
2015,4G sare mugikorrez estalitako etxeen proportzioa,Araba / Álava,%,79.54
2021,4G sare mugikorrez estalitako etxeen proportzioa,Araba / Álava,%,99.98
2014,4G sare mugikorrez estalitako etxeen proportzioa,Araba / Álava,%,76.0
2019,4G sare mugikorrez estalitako etxeen proportzioa,Bizkaia,%,99.97
2020,4G sare mugikorrez estalitako etxeen proportzioa,Bizkaia,%,99.99
2017,4G sare mugikorrez estalitako etxeen proportzioa,Bizkaia,%,99.52
2016,4G sare mugikorrez estalitako etxeen proportzioa,Bizkaia,%,95.37
2015,4G sare mugikorrez estalitako etxeen proportzioa,Bizkaia,%,85.25
2025,4G sare mugikorrez estalitako etxeen proportzioa,Bizkaia,%,99.99
2024,4G sare mugikorrez estalitako etxeen proportzioa,Bizkaia,%,99.99
2023,4G sare mugikorrez estalitako etxeen proportzioa,Bizkaia,%,99.98
2014,4G sare mugikorrez estalitako etxeen proportzioa,Bizkaia,%,68.5
2018,4G sare mugikorrez estalitako etxeen proportzioa,Bizkaia,%,99.97
2022,4G sare mugikorrez estalitako etxeen proportzioa,Bizkaia,%,99.98
2021,4G sare mugikorrez estalitako etxeen proportzioa,Bizkaia,%,100.0
2023,4G sare mugikorrez estalitako etxeen proportzioa,Gipuzkoa,%,99.93
2022,4G sare mugikorrez estalitako etxeen proportzioa,Gipuzkoa,%,99.96
2021,4G sare mugikorrez estalitako etxeen proportzioa,Gipuzkoa,%,99.98
2020,4G sare mugikorrez estalitako etxeen proportzioa,Gipuzkoa,%,99.95
2019,4G sare mugikorrez estalitako etxeen proportzioa,Gipuzkoa,%,99.94
2018,4G sare mugikorrez estalitako etxeen proportzioa,Gipuzkoa,%,99.94
2017,4G sare mugikorrez estalitako etxeen proportzioa,Gipuzkoa,%,98.71
2015,4G sare mugikorrez estalitako etxeen proportzioa,Gipuzkoa,%,70.63
2014,4G sare mugikorrez estalitako etxeen proportzioa,Gipuzkoa,%,23.7
2016,4G sare mugikorrez estalitako etxeen proportzioa,Gipuzkoa,%,92.01
2025,4G sare mugikorrez estalitako etxeen proportzioa,Gipuzkoa,%,99.92
2024,4G sare mugikorrez estalitako etxeen proportzioa,Gipuzkoa,%,99.92
2022,5G sare mugikorrez estalitako etxeen proportzioa,,%,84.6
2025,5G sare mugikorrez estalitako etxeen proportzioa,,%,99.62
2021,5G sare mugikorrez estalitako etxeen proportzioa,,%,66.8
2023,5G sare mugikorrez estalitako etxeen proportzioa,,%,95.8
2024,5G sare mugikorrez estalitako etxeen proportzioa,,%,97.2
2024,5G sare mugikorrez estalitako etxeen proportzioa,Araba / Álava,%,94.14
2025,5G sare mugikorrez estalitako etxeen proportzioa,Araba / Álava,%,99.19
2023,5G sare mugikorrez estalitako etxeen proportzioa,Araba / Álava,%,92.67
2025,5G sare mugikorrez estalitako etxeen proportzioa,Bizkaia,%,99.82
2024,5G sare mugikorrez estalitako etxeen proportzioa,Bizkaia,%,98.1
2023,5G sare mugikorrez estalitako etxeen proportzioa,Bizkaia,%,97.58
2024,5G sare mugikorrez estalitako etxeen proportzioa,Gipuzkoa,%,97.18
2023,5G sare mugikorrez estalitako etxeen proportzioa,Gipuzkoa,%,94.44
2025,5G sare mugikorrez estalitako etxeen proportzioa,Gipuzkoa,%,99.5
